title,score,id,comm_num,created,body,date
"/r/MechanicalKeyboards What Keyboard, Switches and/or Keys Do I Buy",11,haobyl,163,1592417054.0,"If you are looking for a new keyboard, struggling with what switch to pick, or looking for replacement keys try posting in this thread.  WHY should you consider a Mechanical Keyboard?  [See this answer](http://www.reddit.com/r/buildapcsales/comments/23n4cb/mechanical_keyboard_corsair_vengeance_k65_compact/cgyt0n7?context=3) by /u/EMCoupling.

The better you spell out your requirements and [do your research in the Wiki](http://www.reddit.com/r/MechanicalKeyboards/wiki/mechanical_keyboard_overviews) the better your answer will be. 

What kind of keyboard are you looking for? Full-sized? Left handed? Tenkeyless? 75%? 60%? See the [Wiki List of Tenkeyless and smaller Keyboards](http://www.reddit.com/r/MechanicalKeyboards/wiki/tenkeyless_keyboards)

Looking for wireless or specialty keyboards?  See the [WW Shopping Wiki - Specialty keyboard section](http://www.reddit.com/r/MechanicalKeyboards/wiki/recommendedsellers#wiki_keyboard_accessories_and_specialty_keyboards)

Looking for accessories?  See the [Key Shopping Wiki](http://www.reddit.com/r/MechanicalKeyboards/wiki/keycapsellers) and [WW Shopping Wiki Accessories Section](http://www.reddit.com/r/MechanicalKeyboards/wiki/recommendedsellers#wiki_keyboard_accessories_and_specialty_keyboards)

Which switch(es) would you like? Black/Green/White/Yellow ALPS, Cherry MX Clear/Black/Blue/Brown/Green/White, Topre 45/55g/silent/variable? Others? See the [Switch TL;DR wiki](http://www.reddit.com/r/MechanicalKeyboards/wiki/switch_guides#wiki_tl.3Bdr_one_pagers_of_various_switches)

Any brand preferences? Use the [Search Option](http://www.reddit.com/wiki/search) and [Redditor Review Wiki](http://www.reddit.com/r/MechanicalKeyboards/wiki/redditor_reviews)

What is your budget?  See these sections of the Reddit Keyboard Shopping Guide:

- [Less than $100](http://www.reddit.com/r/MechanicalKeyboards/wiki/buying_guide#wiki_i.27m_a_starving_student_living_in_my_parents.27_basement._i_have_no_money.2C_but_i_want_the_feels.)

- [$101-$150](http://www.reddit.com/r/MechanicalKeyboards/wiki/buying_guide#wiki_i.27m_willing_to_spend_a_fair_amount_for_my_feels.)

- [$151-$200](http://www.reddit.com/r/MechanicalKeyboards/wiki/buying_guide#wiki_i.27m_willing_to_spend_a_lot_for_my_feels.)

- [$201 +](https://www.reddit.com/r/MechanicalKeyboards/wiki/buying_guide#wiki_are_you_ready_for_the_topre_life.3F)

What country are you planning to purchase the keyboard in?  See your [country's shopping wiki and List of Keyboard Sellers That Ship Internationally](http://www.reddit.com/r/MechanicalKeyboards/wiki/recommendedsellers#wiki_resellers_recommended_by_redditors_that_ship_international_.28alphabetical_order.29)  

 If you are NEW to Reddit [check out this handy Reddit /r/MechanicalKeyboards Noob Guide](http://www.reddit.com/r/MechanicalKeyboards/wiki/redditnoob_tips).",2020-06-17 18:04:14
I am finally done with them: 3 swords of Zoro.,4711,harjvi,110,1592430846.0,,2020-06-17 21:54:06
The clone wars,1427,haoa1o,116,1592416784.0,,2020-06-17 17:59:44
[IC] GMK Classic Red - GB Pricing Announcement!,83,hb2fc5,3,1592464073.0,,2020-06-18 07:07:53
Pikachu keycap ⚡️,523,haptr8,51,1592424246.0,,2020-06-17 20:04:06
