title,score,id,comm_num,created,body,fecha
My sons kitchen now has a Gateron Brown,36958,g5zcvf,859,1587583280.0,,2020-04-22 19:21:20
So I um... Got prom picture with my keeb...,30200,c496ca,799,1561343472.0,,2019-06-24 02:31:12
My wife supporting my habit for Father's Day!,29655,6i147f,396,1497838681.0,,2017-06-19 02:18:01
Fortune Teller,27241,8r801t,260,1529063248.0,,2018-06-15 11:47:28
"Mods are asleep, post misleading thumbnails!",25063,3phifs,614,1445374596.0,,2015-10-20 20:56:36
What a nice keyset,24824,7ena85,254,1511345124.0,,2017-11-22 10:05:24
This subreddit in a nutshell,24307,d43o11,798,1568486907.0,,2019-09-14 18:48:27
I made a mechanical keyboard business card!,22954,9pdfxc,367,1539926809.0,,2018-10-19 05:26:49
50cent HATH BLESSED MAGIC GIRL,21177,f2bcz4,554,1581469803.0,,2020-02-12 01:10:03
We all need this kind of seller :D,20554,8552b2,292,1521335110.0,,2018-03-18 01:05:10
Thicc,20541,7jr26q,419,1513280507.0,,2017-12-14 19:41:47
MRW my new keycaps arrive and I forgot about the media keys,20492,68cd6q,268,1493536715.0,,2017-04-30 07:18:35
Photoshop gone wrong,20231,6banyw,162,1494886946.0,,2017-05-15 22:22:26
My new keyboard containment apparatus,19383,6axqgq,1423,1494709710.0,,2017-05-13 21:08:30
Typical M65-A Build Log,19230,7m9y9n,455,1514347421.0,,2017-12-27 04:03:41
Too real for me...,18750,5x169m,371,1488457668.0,,2017-03-02 12:27:48
"Not sure if I did it right... but, she said YES!",18585,76j3t9,381,1508105078.0,,2017-10-15 22:04:38
Traveled 6 hours into canada to meet a friend I made in a video game and he gave me a free model m,18022,7hmuah,554,1512472282.0,,2017-12-05 11:11:22
[Giveaway] a Jelly Key - The next Zend Pond - Cherry profile,17717,fot4t5,9315,1585182128.0,,2020-03-26 00:22:08
[GIVEAWAY][Jelly Key] The Rehabilitation of Lost Cities artisan keycaps,17416,gtft3a,8248,1590880218.0,,2020-05-30 23:10:18
DSA Switch,16650,8qy26a,166,1528970091.0,,2018-06-14 09:54:51
How we look to outsiders,16498,4tpy0t,456,1469026949.0,,2016-07-20 15:02:29
I made an OLED animation (of Bongo Cat!) that responds to how fast you type.,16459,h0a7kq,242,1591822094.0,,2020-06-10 20:48:14
"""end game""",16117,75gydw,163,1507670059.0,,2017-10-10 21:14:19
Every year my wife designs me a one of a kind Valentineâ€™s Day card. She was too excited this year to wait until the 14th to show me.,15572,alwkw8,170,1549012624.0,,2019-02-01 09:17:04
"Decided to join in on the craze, my first mechanical keyboard. Howâ€™d I do with the colors? WASD V2 :)",15251,779ta1,426,1508390782.0,,2017-10-19 05:26:22
For research purposes.,14587,7osh3k,145,1515380140.0,,2018-01-08 02:55:40
I've opened offline mechanical keyboards store in Moscow,14491,a4l69a,421,1544393019.0,,2018-12-09 22:03:39
I made a 2% mechanical keyboard that types in binary.,14154,65c6a8,471,1492200952.0,,2017-04-14 20:15:52
Matte black and brass all the things,13848,d6u89k,324,1569011513.0,,2019-09-20 20:31:53
Don't be rude!,13256,8vcts0,70,1530505797.0,,2018-07-02 04:29:57
Just found this from a local hardware store,13045,5dlnet,193,1479491831.0,,2016-11-18 17:57:11
Coral reef is clacking,12958,7gmhcb,272,1512078981.0,,2017-11-30 21:56:21
RIP,12806,5oc6p3,137,1484617368.0,,2017-01-17 01:42:48
in awe at the size of this lad. absolute unit,12668,8dvlv5,175,1524344543.0,,2018-04-21 21:02:23
me_irl,12578,d266es,248,1568143474.0,,2019-09-10 19:24:34
me_irl,12413,9umh9g,271,1541519635.0,,2018-11-06 15:53:55
"""The wait is over""",12186,6eevn5,688,1496265345.0,,2017-05-31 21:15:45
DMX could possibly be onto something,12157,5lh6j9,193,1483333724.0,,2017-01-02 05:08:44
"So, Iâ€™ve made a Kirby artisan keycap",12097,d8mv6u,271,1569358873.0,,2019-09-24 21:01:13
Mechanical Keyboards are the Answer,11961,804fl7,324,1519594149.0,,2018-02-25 21:29:09
Forbidden Realm status,11829,7zwv6o,314,1519511042.0,,2018-02-24 22:24:02
Hard To Swallow Pills,11698,fucjn2,414,1585963664.0,,2020-04-04 01:27:44
Why Notch uses an IBM Model M,11436,5cf187,526,1478906994.0,,2016-11-11 23:29:54
Telling people about my new hobby,11406,5st9bc,424,1486596029.0,,2017-02-08 23:20:29
I hear Space Cadet is popular...,11222,7wubx0,576,1518400962.0,,2018-02-12 02:02:42
loud and proud at work,11218,8hrln1,354,1525760767.0,,2018-05-08 06:26:07
When the rest of the house is asleep but you have MX Blues,11042,5x93nl,280,1488555310.0,,2017-03-03 15:35:10
Cajal Drip,10947,gpsaxf,446,1590365447.0,,2020-05-25 00:10:47
Starter pack,10789,fwltzx,991,1586299909.0,,2020-04-07 22:51:49
Soon we will have a new brother.,10791,f4w7in,264,1581912080.0,,2020-02-17 04:01:20
The perks of programming your own keyboard,10712,675x92,295,1493023837.0,,2017-04-24 08:50:37
"""The louder the click, the better. I love a good click."" -Post Malone, one of us",10642,7f0t8i,321,1511484205.0,,2017-11-24 00:43:25
When you order a new keyboard,10640,aua0dt,168,1551057303.0,,2019-02-25 01:15:03
Typing game I've made - Use it to learn typing or show off your keyboard!,10632,fs8s3i,312,1585669613.0,,2020-03-31 15:46:53
I showed my sister some posts and then she sends me this,10617,a1lpcq,141,1543556204.0,,2018-11-30 05:36:44
"Since KeyForge is too humble to brag about the amazing caps he made for the Utah Meetup, I'll share.",10564,6fvsjl,270,1496892989.0,,2017-06-08 03:36:29
This Subreddit,10542,ahmh5a,94,1547936701.0,,2019-01-19 22:25:01
Got my electrical engineering degree with my trusty sidekick!,10351,gkjdw6,275,1589611965.0,,2020-05-16 06:52:45
[photos]My first artisan,10337,82fht2,188,1520375738.0,,2018-03-06 22:35:38
Something purple to Giveaway,10269,6ni232,2989,1500178334.0,,2017-07-16 04:12:14
2 types of people,10240,5uhevx,304,1487303853.0,,2017-02-17 03:57:33
Oh my jelly,10227,eivo6s,140,1577982648.0,,2020-01-02 16:30:48
WHITE MARBLE,10135,6nrzov,400,1500312106.0,,2017-07-17 17:21:46
"Spent all my money on a new keyboard, couldn't buy a poster so I drew it myself",10101,7v7t8c,145,1517791810.0,,2018-02-05 00:50:10
When you type your password with gmk Dots,10069,fnb87t,79,1584954845.0,,2020-03-23 09:14:05
Cyan and Wood,10044,4y7nin,263,1471491402.0,,2016-08-18 03:36:42
Gamer keyboard... ðŸ˜¶,10034,fafuan,177,1582854482.0,,2020-02-28 01:48:02
So I recently realize that I don't need a numpad but rather a desk calculator with mechanical switches & keycaps.,9860,dkt9uw,183,1571650615.0,,2019-10-21 09:36:55
Taeha Types Be Like...,9731,gsc7ci,224,1590720734.0,,2020-05-29 02:52:14
Mailing a package to my son for his birthday ( his first mech ),9669,h87scy,294,1592084625.0,,2020-06-13 21:43:45
"Cool as a crocodile, clicky as an alligateron~",9618,74nd6i,260,1507322700.0,,2017-10-06 20:45:00
I made a custom dye sublimated macropad for buying in CS:GO!,9609,f3awcp,283,1581633584.0,,2020-02-13 22:39:44
itâ€™s for science,9606,g325oh,77,1587159489.0,,2020-04-17 21:38:09
"Galaxy Keycaps (Cherry, DSA or SA) Feedback Welcome/Thoughts",9536,g1jxog,383,1586949231.0,,2020-04-15 11:13:51
When your new keyboard finally shows up...,9489,4msy0h,265,1465249015.0,,2016-06-06 21:36:55
"Mom called me gay and my friends called me a weeb, but I thought you guys might appreciate it. My first decent mech.",9424,gmzjiy,598,1589958455.0,,2020-05-20 07:07:35
Gotta type fast,9409,7f8ln8,151,1511570542.0,,2017-11-25 00:42:22
"GMK IKEA, the finest Swedish keycaps",9306,7llhez,179,1514018124.0,,2017-12-23 08:35:24
[GIVEAWAY] 2 X GarbageCollection.co.kr TKL Keyboard Roofs because I am too lazy to sell them :D,9264,c21vko,2793,1560891114.0,,2019-06-18 20:51:54
[Giveaway] Jelly Key - Zen Pond II [Spacebar] artisan keycaps,9245,dnf0wd,3391,1572131174.0,,2019-10-26 23:06:14
me_irl,9247,6f05bm,114,1496506658.0,,2017-06-03 16:17:38
I waited 9 months for this wrist rest to come in.,9242,gfjbk7,244,1588928530.0,,2020-05-08 09:02:10
"Let's get naked! hand wired ortho split 40% with no case, no plate, and no pcb",9234,h7mk8f,330,1592003806.0,,2020-06-12 23:16:46
Told I should share my outrun themed setup here,9232,89e9i0,385,1522794148.0,,2018-04-03 22:22:28
Accidently put 99% alcohol on my caps. So instead of throwing them away I made a vintage borderlands look.,9208,4q66qj,580,1467096648.0,,2016-06-28 06:50:48
How's this for a keychain?,9170,cl9ibn,166,1564806717.0,,2019-08-03 04:31:57
"I'm 14 and I decided to do something with my hormones, so I drew my crush",9111,6akk6z,133,1494542765.0,,2017-05-11 22:46:05
Day Three: Nobody has yet been able to identify the source of the machine gun fire that is my typing. I fear I do not have long to live.,9077,6pfzme,526,1501016790.0,,2017-07-25 21:06:30
Lmk what you think of the orange theme,9074,h17xi7,386,1591938040.0,,2020-06-12 05:00:40
"Tokyo Mechanical Board Meetup, May 25th (and I made a poster!)",9012,bov9nv,216,1557937484.0,,2019-05-15 16:24:44
Keep absolutely still. Their vision is based on movement.,8935,9weblb,107,1542060640.0,,2018-11-12 22:10:40
[Giveaway] Jelly Key - Arcade Cabinets - RetrÅ‘ Tetris,8779,g91yg4,5306,1588027344.0,,2020-04-27 22:42:24
ATM in Japan has Mechanical Switches,8765,bp9y31,268,1558023699.0,,2019-05-16 16:21:39
First Cast Of Our New Key Design,8701,g3twx1,154,1587268709.0,,2020-04-19 03:58:29
Something for my NASA themed board,8627,bmblrg,116,1557382221.0,,2019-05-09 06:10:21
"3d printed, soft to touch/bouncy wrist rest Iâ€™m working on.",8619,gu1zd1,318,1590971073.0,,2020-06-01 00:24:33
I Don't Have a Problem,8616,fb8a1i,99,1582984678.0,,2020-02-29 13:57:58
What I think of every time someone posts something below 60%,8598,5z3kpf,586,1489415601.0,,2017-03-13 14:33:21
Finished my build for university,8540,94i2sc,138,1533405586.0,,2018-08-04 17:59:46
